edad,salario,años_empresa,departamento,satisfaccion,horas_trabajadas,promociones,viajes_negocio,distancia_hogar,balance_vida,abandono
25,10044664,17,Operaciones,2,41,3,0,22,2,0
51,9314398,1,Operaciones,5,36,4,1,1,1,0
46,7494835,7,Marketing,1,56,3,0,33,3,0
38,10841309,9,Marketing,3,58,2,1,23,3,0
38,3108332,15,Operaciones,5,62,2,1,38,2,0
54,11194783,2,RRHH,5,68,1,1,31,4,1
25,10472305,8,Finanzas,2,52,1,0,39,3,0
48,6937055,3,RRHH,4,64,3,1,23,1,1
29,9280597,15,Finanzas,1,60,0,1,1,4,0
25,7106806,12,Operaciones,1,44,0,0,7,1,0
42,4541397,9,RRHH,2,64,1,2,23,3,0
59,9958678,7,Finanzas,5,36,3,1,20,2,0
49,4308402,3,Ventas,4,55,3,2,39,3,0
50,5007397,18,Operaciones,3,67,2,2,21,4,0
49,7096774,12,RRHH,2,58,2,2,43,3,1
51,10341300,6,RRHH,1,67,0,1,10,3,1
41,5716046,8,Finanzas,2,36,1,1,19,4,0
26,6840244,14,TI,1,53,0,0,38,3,0
53,2224986,14,Finanzas,1,62,3,1,7,4,1
39,2981738,9,Operaciones,4,57,3,1,16,2,1
41,2370662,6,RRHH,1,65,1,1,37,1,0
36,2535003,13,Ventas,1,51,1,2,29,1,1
28,10658909,13,RRHH,3,58,1,0,39,3,1
57,10388330,11,TI,2,49,4,0,26,3,1
51,10183240,1,RRHH,3,65,2,1,43,1,1
46,2366792,9,Finanzas,1,39,3,0,43,1,0
37,2591977,12,Ventas,2,43,2,0,48,4,1
53,4662236,19,Operaciones,3,38,3,0,6,3,0
42,7566010,10,TI,4,59,2,1,29,4,0
38,5208126,6,Marketing,3,43,1,0,6,1,1
39,6773113,11,Operaciones,3,46,4,0,12,1,0
30,3564543,3,TI,3,64,3,0,15,2,0
25,9253935,1,Finanzas,2,47,3,0,32,4,0
43,5001712,13,Ventas,2,40,4,0,22,3,1
55,2478716,19,Ventas,3,35,1,1,43,4,0
24,9375464,16,Marketing,1,42,0,1,15,2,1
54,11008441,11,Operaciones,4,67,2,0,31,2,1
53,1949765,0,Ventas,4,54,1,1,38,3,0
32,6254065,19,TI,2,69,2,0,49,4,1
46,10237168,8,TI,2,42,1,0,13,2,0
28,9002881,5,RRHH,2,47,1,2,36,3,0
50,10536789,17,TI,4,40,1,1,5,4,0
48,6035142,14,TI,4,48,1,2,27,2,0
35,5597068,14,Finanzas,1,54,3,0,21,4,0
24,9033594,5,TI,3,63,2,0,47,3,0
58,3366851,19,Marketing,1,47,2,0,38,4,0
38,4242097,9,Operaciones,3,62,0,0,46,2,1
55,7928572,10,Operaciones,2,56,2,2,42,3,1
47,8618237,15,TI,2,45,0,0,21,2,0
51,3020660,13,Operaciones,3,66,1,2,36,3,1
50,6984764,3,Marketing,2,50,2,2,2,2,0
29,5522177,6,TI,2,40,0,1,28,3,1
35,6917794,7,Operaciones,4,68,1,0,3,4,0
39,11575977,18,RRHH,5,66,1,1,36,2,1
40,2581427,14,Operaciones,1,36,4,0,48,2,1
23,11953737,7,RRHH,2,66,4,1,34,2,1
42,6385702,14,Operaciones,5,68,0,0,42,3,0
27,9675469,14,Ventas,3,64,3,2,12,3,1
50,6129600,7,RRHH,2,43,3,1,49,3,0
47,4971807,8,TI,3,57,1,1,27,1,1
57,9660117,17,TI,1,53,2,1,34,1,1
50,8814183,11,TI,1,56,3,1,38,1,1
35,3269391,2,RRHH,4,56,1,2,32,4,1
58,8995144,14,Ventas,3,57,0,0,16,4,0
37,9481389,11,Operaciones,4,52,1,2,30,1,0
34,5755985,10,Finanzas,2,59,1,1,33,1,0
56,11241625,14,Operaciones,5,53,1,2,43,4,0
36,8337064,18,Operaciones,3,35,1,0,24,3,0
24,5203009,6,Ventas,4,36,0,1,25,2,0
39,1909421,8,Ventas,1,68,4,0,25,3,0
52,8684596,3,RRHH,1,66,0,1,6,1,0
29,3932388,12,RRHH,4,55,3,0,5,1,0
39,9516570,8,TI,5,41,3,0,2,2,0
26,7155900,6,Operaciones,5,62,3,0,33,4,0
48,6560611,13,Finanzas,2,40,4,0,21,4,0
40,3470263,8,Operaciones,1,48,0,0,43,1,0
34,9057353,9,Ventas,5,46,1,1,35,3,0
30,3492250,8,Operaciones,4,35,0,0,7,4,0
43,6061087,5,TI,2,63,2,1,5,4,0
47,10330303,2,RRHH,4,52,3,0,18,4,0
57,11187731,16,RRHH,5,46,4,1,46,1,0
38,11889156,1,Operaciones,2,52,1,1,3,1,0
28,11571722,6,TI,4,35,1,0,10,1,0
53,7470888,13,TI,4,50,4,1,2,1,0
45,3844901,2,RRHH,3,53,3,2,21,1,0
48,10358511,13,RRHH,4,46,3,1,49,2,0
25,9976631,14,TI,2,64,2,0,34,3,1
33,11901280,13,TI,5,43,2,0,25,2,0
51,8439668,6,TI,5,39,1,1,8,2,0
53,3244278,0,RRHH,5,53,3,0,18,1,0
38,6929602,17,RRHH,4,66,1,1,26,1,1
52,6372105,6,RRHH,1,48,4,0,14,4,0
53,10398061,16,Operaciones,2,36,0,1,35,3,0
36,5804241,3,TI,3,68,2,0,49,1,0
56,5151645,3,Marketing,5,50,1,0,11,4,0
32,2616502,15,Operaciones,3,41,3,2,13,4,0
31,10321656,18,TI,3,56,3,2,7,4,1
47,9504367,17,TI,1,46,4,2,36,1,1
46,2220522,15,TI,4,67,3,2,23,3,1
27,6224546,4,TI,2,45,1,0,14,4,0
53,6693124,18,RRHH,1,54,1,0,11,4,1
29,6587134,13,Ventas,5,54,4,0,4,1,0
52,11173098,3,Ventas,1,43,2,1,24,4,1
22,3336864,2,RRHH,1,52,0,0,34,2,1
52,4924713,17,Operaciones,1,38,4,2,12,2,0
51,3645451,5,TI,3,57,3,0,1,3,1
51,4289662,15,Marketing,1,61,0,0,24,4,0
47,11052456,2,RRHH,5,68,3,0,34,1,1
39,11395365,5,Marketing,3,46,3,0,17,3,0
48,2255420,5,TI,2,44,3,0,13,4,1
32,8247336,5,Finanzas,1,54,4,1,8,3,0
51,4175093,13,Operaciones,3,59,2,0,37,2,1
43,3764122,18,Ventas,1,69,2,1,43,1,1
39,4779005,18,Marketing,5,35,3,2,38,3,1
41,3782747,14,RRHH,2,43,0,1,26,3,0
43,6800014,4,RRHH,3,44,0,1,36,3,0
23,11955228,19,Finanzas,1,43,4,0,20,4,0
27,7781740,10,Finanzas,1,51,1,0,2,3,0
31,9177079,10,Ventas,2,65,2,0,19,3,1
26,6831557,14,Marketing,1,36,1,2,35,1,1
38,1941854,15,Finanzas,4,63,1,1,32,3,0
47,2657976,19,Marketing,5,56,2,0,49,1,1
46,4542500,11,RRHH,5,56,4,0,49,3,1
39,4285408,12,Finanzas,2,58,2,1,12,1,1
54,10373910,14,RRHH,4,39,0,1,1,4,0
43,10404601,5,Marketing,3,61,1,1,14,2,0
25,10512038,6,Operaciones,1,43,0,2,43,2,0
51,8303404,12,Marketing,1,53,4,1,40,1,0
43,7472966,1,Finanzas,3,58,1,1,5,1,1
46,8421320,6,Operaciones,3,56,1,0,8,4,0
43,5949430,14,RRHH,1,46,0,0,28,2,0
43,8636073,19,RRHH,5,48,2,2,33,3,1
25,9903315,10,Operaciones,4,51,4,1,49,4,0
43,9581610,7,Ventas,3,36,2,0,37,3,0
52,8061069,8,Operaciones,5,60,3,1,11,1,0
33,2392706,13,Ventas,5,38,0,0,2,2,0
44,9194484,10,Finanzas,5,51,0,1,32,2,0
23,5539405,0,RRHH,2,57,3,0,28,2,0
35,9385406,10,RRHH,5,37,0,1,46,1,0
38,7303179,8,RRHH,3,69,2,1,29,3,0
59,10788094,14,RRHH,4,48,1,0,25,2,1
30,5252256,17,RRHH,5,35,0,0,15,2,0
32,11300221,19,RRHH,1,58,2,1,5,2,1
37,10413684,12,Finanzas,3,54,4,0,43,2,0
59,5177291,7,Operaciones,1,57,0,0,41,1,1
54,6722239,8,Finanzas,2,61,4,1,8,2,1
23,7219749,3,Finanzas,3,51,2,0,35,4,0
30,9640001,18,Marketing,5,63,3,0,18,3,1
53,8829403,16,Marketing,5,47,0,0,22,3,0
24,10490558,17,Ventas,2,54,4,2,42,4,1
54,5572651,6,Operaciones,2,40,0,0,42,3,0
32,6948873,6,TI,3,56,4,0,10,1,0
56,6194820,17,TI,5,44,3,0,16,2,0
33,11077432,10,Operaciones,5,59,1,0,41,2,0
38,4910802,14,Ventas,2,63,0,0,45,2,1
47,7788664,9,Marketing,1,65,3,0,4,1,1
26,3025694,8,Operaciones,4,67,0,0,41,1,0
43,10472797,12,Marketing,2,39,3,0,24,2,0
41,5719023,16,Operaciones,1,39,3,2,29,4,0
51,5274026,6,Marketing,1,67,1,0,4,3,1
59,7745755,16,Ventas,3,48,1,0,34,4,0
47,6887932,4,Marketing,2,35,1,2,34,1,0
37,10449358,8,Ventas,3,45,1,2,33,2,1
37,7220392,18,TI,2,64,0,1,39,3,0
37,7073345,19,Ventas,4,47,1,0,47,2,0
52,2870793,18,RRHH,4,37,3,0,42,2,0
34,2023769,6,Operaciones,3,60,1,0,37,2,0
28,5865235,16,TI,1,41,3,0,49,1,1
34,11981701,18,Operaciones,3,47,4,0,34,4,0
22,11156844,19,Finanzas,4,35,3,1,33,4,0
26,8215592,0,Finanzas,2,56,2,0,27,1,1
25,8234488,14,Marketing,2,50,1,1,38,2,1
51,5793337,19,RRHH,3,65,4,0,4,3,0
49,3610567,15,RRHH,2,46,1,0,25,4,0
48,1887176,4,Marketing,3,42,2,1,21,4,0
39,5256327,15,Finanzas,2,40,2,2,45,2,1
49,5027975,2,Finanzas,2,42,3,0,4,3,0
28,3754350,9,TI,4,50,2,1,32,4,0
56,4443503,12,TI,3,38,3,0,10,4,1
41,2053195,9,TI,3,49,4,0,44,2,0
57,8001193,13,TI,4,64,1,1,42,4,0
27,11260096,4,TI,2,61,4,0,12,2,0
40,8846159,12,Operaciones,1,57,0,0,43,1,1
48,6371714,12,Ventas,5,66,4,0,25,4,0
40,6086735,12,Finanzas,1,62,0,0,48,4,1
38,4936857,5,Marketing,3,57,4,0,36,2,0
28,3252542,6,Operaciones,2,65,1,0,2,2,0
36,7904467,5,RRHH,2,39,4,2,10,2,0
31,7578544,9,Ventas,1,63,0,1,20,1,1
33,1874607,11,Marketing,5,45,2,0,11,4,0
47,6038319,7,Ventas,3,60,4,0,7,1,0
45,4635825,8,Operaciones,2,66,0,1,48,3,1
45,3536873,5,Operaciones,4,52,1,0,43,1,0
35,8970941,4,TI,1,38,0,1,22,3,0
58,7163426,13,Operaciones,3,47,1,1,11,4,0
25,8264451,16,TI,3,49,1,0,9,3,0
35,9077512,5,TI,3,67,3,0,45,3,0
26,11814420,17,Operaciones,1,67,1,0,17,4,1
34,9988179,11,Marketing,5,54,0,0,1,4,0
58,8127648,3,TI,2,68,0,0,20,4,0
35,10766019,7,Marketing,4,50,4,2,23,1,1
56,6670559,0,Marketing,4,49,4,0,31,3,0
40,11844619,0,Operaciones,2,64,1,1,17,4,0
48,9566612,6,Ventas,1,58,0,1,46,2,1
39,8439010,9,TI,2,53,0,0,32,3,0
32,11013944,15,Operaciones,5,50,4,0,49,1,0
51,7053804,2,Marketing,5,59,3,0,18,4,1
58,9151098,16,Operaciones,5,61,3,1,32,3,0
32,4704255,4,RRHH,2,52,1,0,18,3,0
51,11624754,2,TI,4,36,3,1,35,4,0
31,8158347,13,Marketing,1,38,0,2,37,1,1
49,9776452,15,TI,4,40,3,1,16,2,0
51,6499524,12,RRHH,3,51,2,2,46,4,0
39,10641374,2,Marketing,4,56,1,1,43,1,0
50,2556614,2,Finanzas,4,63,3,2,44,4,0
32,2963861,7,TI,5,43,3,1,11,2,0
25,6972588,9,Ventas,3,62,2,1,36,3,0
25,9270617,19,RRHH,2,58,0,1,6,3,0
38,10054034,5,Marketing,3,36,0,2,6,3,0
56,6288904,3,RRHH,1,47,4,0,48,4,0
26,8426666,18,Operaciones,1,45,1,1,8,2,0
39,7441658,3,TI,3,66,1,1,43,1,0
48,11607534,0,Operaciones,5,67,3,2,22,2,0
29,8471844,8,Operaciones,3,63,1,0,15,3,1
49,6051808,8,Finanzas,4,53,1,1,4,4,0
33,11692114,12,Operaciones,1,52,3,1,34,4,0
52,2893981,17,Finanzas,3,45,2,2,36,2,1
44,11842696,18,RRHH,4,62,3,0,23,4,0
42,3370933,5,Operaciones,2,38,0,1,40,1,0
28,4739928,19,Marketing,1,44,2,1,16,1,0
39,10178994,12,Marketing,1,39,2,2,28,1,0
54,9284285,1,TI,5,52,3,2,15,4,0
22,11697613,18,Operaciones,4,45,0,1,29,1,0
50,9449832,2,Ventas,2,41,0,1,7,3,0
40,8297486,11,Finanzas,2,48,3,0,24,4,1
49,5334227,15,Finanzas,1,65,3,2,27,4,0
47,1848068,4,RRHH,5,54,4,0,28,4,1
38,3063471,5,Marketing,1,63,1,1,22,1,1
33,4837327,9,Marketing,4,66,4,1,32,2,0
45,2217658,17,Ventas,2,66,1,0,26,3,1
27,6983432,4,TI,2,47,3,0,14,3,0
44,9728899,13,TI,2,65,0,0,11,3,1
25,11625198,9,Marketing,5,66,4,2,32,3,1
46,6794937,2,Finanzas,1,68,1,1,46,2,1
45,10725052,14,Operaciones,2,47,4,0,37,1,1
25,11852509,16,Operaciones,2,42,1,1,32,2,1
50,10570250,11,Operaciones,2,55,3,0,46,2,0
37,6542729,3,Ventas,1,67,2,2,45,3,1
51,5117655,3,Ventas,5,66,0,0,25,4,0
23,11774753,8,RRHH,2,54,0,0,6,3,0
28,4267497,10,RRHH,3,40,3,0,32,3,0
40,5998075,11,Operaciones,2,49,0,1,31,1,1
29,2555111,4,Ventas,5,59,1,0,14,3,0
34,9895557,10,RRHH,2,54,2,1,42,2,0
47,8428339,5,TI,2,47,1,0,43,1,0
27,2665156,13,TI,2,46,0,0,17,1,1
47,4063666,15,TI,2,37,3,0,24,4,0
25,7465709,13,TI,1,45,3,0,10,4,0
28,7312204,0,Finanzas,4,58,3,2,9,3,1
44,9981009,19,RRHH,1,43,4,0,13,4,1
52,4514193,0,RRHH,2,69,0,2,18,1,1
28,11231957,19,RRHH,2,37,2,0,14,2,0
33,6333631,0,Operaciones,2,55,1,0,8,4,0
57,10190347,10,Marketing,4,52,4,0,22,1,0
59,4231486,2,Finanzas,3,64,2,0,31,3,0
44,2177101,1,Finanzas,5,66,0,1,16,1,0
38,2361547,13,Operaciones,2,54,3,1,27,2,0
35,5601563,14,Operaciones,5,57,0,0,14,2,0
45,11522160,2,Ventas,1,59,1,1,35,2,0
44,2296724,19,Marketing,3,53,3,1,32,4,0
33,5563576,6,Ventas,4,41,2,2,48,4,0
22,2914679,6,RRHH,3,50,3,2,3,3,0
27,11301958,5,Finanzas,5,43,2,1,42,3,0
58,8688117,9,RRHH,2,51,4,1,17,1,0
37,9579454,3,TI,1,56,2,1,4,1,1
40,9075233,8,Marketing,4,42,0,0,34,1,0
39,8501671,4,Ventas,1,43,0,1,9,4,0
51,9691950,1,TI,4,63,3,0,9,1,0
24,1882872,7,Marketing,4,48,0,1,49,2,0
25,10627656,13,Operaciones,5,41,1,2,11,4,0
32,9346622,15,Ventas,3,59,0,0,27,3,0
40,9342200,7,Operaciones,5,60,1,1,10,3,0
47,5813053,6,Marketing,1,63,2,2,7,1,1
40,9968890,15,Ventas,3,61,0,0,1,3,1
38,5694546,13,RRHH,1,69,2,1,1,3,0
57,2299429,16,RRHH,4,55,4,2,24,2,0
28,11059737,18,Ventas,4,45,0,2,22,3,0
43,4192258,16,TI,5,65,0,0,2,4,0
42,2839381,18,TI,4,44,1,0,18,2,0
39,8143357,8,TI,2,45,4,1,14,2,0
52,4183263,7,RRHH,1,63,2,0,28,2,1
32,10552878,6,RRHH,5,65,3,0,49,4,0
58,6326252,4,TI,3,46,0,0,34,1,0
34,1845901,14,TI,1,60,3,0,46,4,1
42,11507525,14,TI,5,67,0,1,10,4,0
41,7049219,16,Operaciones,5,62,3,1,11,2,0
54,4482368,3,TI,3,35,0,1,37,3,0
38,8708331,9,Marketing,4,58,4,1,16,4,1
32,7212226,4,Finanzas,1,40,1,0,42,4,0
22,2101994,17,Operaciones,1,64,0,0,23,2,1
35,9548403,5,Finanzas,2,37,1,0,10,1,1
53,5893826,2,TI,4,69,0,0,42,3,0
22,8938137,11,Finanzas,1,41,0,0,27,1,0
56,10935475,17,TI,1,49,2,0,40,1,1
42,8028250,18,Ventas,4,43,1,0,23,4,0
27,8650450,1,TI,4,63,1,0,7,2,0
33,4397431,6,TI,4,48,4,1,34,3,0
43,4224115,3,Ventas,4,61,0,1,7,1,0
33,6033016,6,Ventas,5,37,1,2,33,1,0
26,10498367,10,Marketing,4,50,0,1,21,1,0
47,7146768,5,Finanzas,3,66,2,1,39,2,1
47,5349920,1,RRHH,5,67,1,0,43,1,1
26,9752027,10,Marketing,2,42,0,1,20,2,1
32,10504115,1,TI,1,48,0,0,44,2,1
31,11005840,4,RRHH,4,49,4,0,6,3,0
47,4849225,0,Marketing,2,54,0,0,6,3,1
49,9038330,1,Finanzas,5,53,3,0,49,2,0
49,7821266,8,RRHH,3,38,4,0,29,2,0
57,6379512,17,TI,5,61,2,1,23,1,1
51,5848788,15,Ventas,1,42,1,1,8,2,0
34,2968443,1,Ventas,4,46,3,1,15,4,0
26,4603215,0,Ventas,3,64,4,1,34,4,0
45,7406585,6,Operaciones,3,59,0,1,41,2,0
56,10842887,13,Finanzas,2,48,4,0,45,4,1
59,10636684,14,RRHH,5,66,4,1,20,3,0
30,3713455,16,Operaciones,2,48,0,1,23,1,0
30,8729091,6,Ventas,5,54,0,0,9,4,1
23,2665078,3,TI,3,43,3,0,5,2,0
27,8685133,0,RRHH,1,41,0,2,22,3,0
43,5287654,2,Marketing,5,52,3,1,29,3,0
42,6388452,1,Finanzas,1,54,0,0,6,2,0
36,9119919,17,Marketing,2,63,3,1,21,3,0
33,6133861,5,TI,5,48,1,0,32,3,0
53,10035802,16,Marketing,5,66,0,0,40,2,0
39,7242523,11,Ventas,5,56,0,0,46,2,0
52,11987182,10,TI,3,37,0,0,17,3,0
58,8310056,9,Finanzas,4,60,2,1,20,1,1
34,4822892,16,Ventas,2,55,0,0,43,1,0
29,9707932,0,Marketing,4,48,4,1,34,4,0
58,5961007,1,Marketing,3,51,3,0,14,2,0
46,7248518,8,Finanzas,1,45,1,1,34,3,0
33,3195577,7,TI,3,56,4,1,8,3,0
45,3017300,10,Ventas,3,54,3,1,23,4,0
41,7663693,14,Finanzas,2,50,3,1,16,3,1
56,3704247,11,Finanzas,2,44,0,2,49,3,0
31,11975316,5,Operaciones,3,48,3,1,2,4,1
59,10527871,6,Finanzas,1,52,2,1,42,4,1
57,8948986,15,Ventas,1,51,4,1,14,1,1
28,9293932,4,Ventas,4,45,2,0,2,3,0
28,7871170,10,Operaciones,2,55,3,0,33,1,0
42,2414962,10,Ventas,4,42,1,0,34,4,0
23,5802164,15,Marketing,3,52,0,0,7,1,0
33,6857175,14,Ventas,3,39,0,0,2,1,0
38,11136047,9,Operaciones,3,51,4,0,6,1,0
58,4038809,6,Marketing,3,62,3,1,21,3,1
59,6868549,7,RRHH,5,63,1,0,7,1,1
27,5309478,8,Ventas,5,59,3,1,35,1,1
55,3170542,4,Marketing,2,61,0,0,4,3,1
25,2850783,12,TI,4,37,0,1,39,4,0
50,5526860,4,Finanzas,5,46,2,0,43,3,0
54,2640697,12,Marketing,1,57,3,0,36,2,1
55,2485100,15,Operaciones,4,63,4,0,47,3,0
30,5378857,19,Ventas,3,55,3,1,47,3,0
55,3860186,2,Operaciones,5,64,1,0,3,2,0
26,7459056,15,Ventas,3,44,4,2,17,3,0
41,1980221,1,Operaciones,5,40,2,0,38,1,1
39,4878489,6,Finanzas,1,38,4,1,17,1,0
34,6423455,3,TI,1,55,0,0,37,3,1
22,11624071,3,RRHH,5,58,0,1,38,2,0
51,8272310,3,Ventas,3,44,0,0,49,1,0
34,10783337,0,Marketing,3,62,4,0,17,1,0
47,5301583,16,TI,1,60,0,0,18,4,0
37,6387041,1,TI,2,47,4,0,2,2,0
36,6087894,7,Finanzas,5,43,3,0,14,1,0
55,10851425,13,Operaciones,2,60,0,2,14,3,1
25,11583934,19,Finanzas,3,58,4,0,23,3,0
49,11615809,17,Finanzas,2,40,0,0,21,2,1
50,9470023,2,Finanzas,2,43,0,2,42,4,1
36,6931734,19,Marketing,1,52,2,0,38,2,0
31,7316737,13,RRHH,5,52,1,0,36,3,0
22,11801203,3,Operaciones,5,40,1,1,1,3,0
57,4702316,8,Operaciones,1,68,0,2,24,3,0
58,5336416,18,Marketing,2,48,3,1,36,1,1
31,10949367,7,Marketing,3,48,0,0,12,3,0
23,5740486,3,Operaciones,2,37,1,2,21,3,0
26,4197990,17,TI,4,65,2,0,36,1,0
24,7516788,19,Operaciones,2,43,2,2,39,1,1
53,5118495,19,Operaciones,1,69,3,1,42,3,1
55,10886908,19,TI,2,52,1,2,22,1,0
27,11072461,17,Operaciones,3,65,3,0,20,4,0
50,4921303,9,TI,1,41,3,0,19,1,0
28,7201328,3,Finanzas,5,40,1,1,33,4,0
35,11836721,12,Operaciones,1,63,1,1,21,3,1
44,9371643,4,TI,1,63,2,1,20,2,1
49,3999398,9,RRHH,3,54,2,2,9,2,0
55,7825596,13,Operaciones,3,36,0,1,24,2,0
23,8122882,18,RRHH,2,68,2,0,12,3,0
29,8465079,5,Marketing,2,48,0,0,26,4,1
32,2055106,5,Ventas,1,67,2,0,44,1,1
33,4853709,14,Operaciones,4,65,4,0,39,3,0
59,10517061,0,Operaciones,2,64,2,0,24,4,1
51,4261995,11,Marketing,1,59,3,1,48,2,0
34,4856895,14,Ventas,2,58,1,1,49,3,0
58,5089421,11,Marketing,5,53,4,1,22,1,0
40,3609356,7,RRHH,2,35,4,0,38,4,0
41,3385503,16,RRHH,5,48,4,1,17,1,0
38,5339558,7,RRHH,2,60,3,1,44,2,0
27,10718006,14,Finanzas,1,63,3,2,19,2,0
57,1815656,9,Finanzas,2,54,2,1,13,2,0
22,4689118,0,RRHH,2,59,4,1,7,1,1
28,2418395,10,Ventas,1,35,4,1,42,3,0
30,7527191,0,Marketing,3,51,2,0,15,1,0
32,4356138,18,TI,2,52,0,2,40,4,0
27,9878139,12,Ventas,4,66,0,0,5,1,0
22,7767171,7,Finanzas,3,45,1,0,25,2,0
47,9795005,9,RRHH,3,43,0,0,21,4,0
58,8276059,12,Finanzas,3,47,1,1,22,1,0
26,6271539,5,Marketing,1,40,0,1,9,1,0
33,10581863,5,Ventas,4,54,4,1,4,3,0
41,6657824,8,TI,1,57,0,0,17,1,1
57,11489331,5,Finanzas,4,63,3,0,24,4,0
48,11945957,15,Operaciones,5,69,1,2,39,2,0
51,7808017,2,Finanzas,4,37,0,0,23,4,0
44,8680894,16,RRHH,3,43,3,2,13,1,0
37,4407758,6,Finanzas,2,45,4,0,13,1,1
29,10109312,11,Marketing,5,43,3,1,30,4,0
54,8650240,3,RRHH,2,63,4,1,22,4,1
52,11006050,7,Marketing,3,39,2,1,45,4,0
22,4523484,15,Operaciones,4,36,3,0,22,2,0
49,9833416,5,TI,5,65,0,2,28,2,0
25,6596813,2,TI,5,68,4,1,4,3,1
50,3688829,10,Operaciones,1,42,3,1,10,2,0
53,3546205,3,TI,5,46,1,1,42,1,0
26,7534141,6,RRHH,1,52,1,0,17,2,0
38,5058385,9,TI,3,53,3,0,21,3,0
26,2839320,11,Finanzas,5,69,0,0,29,1,0
43,6156892,12,TI,4,49,4,0,3,2,0
57,8459805,13,Finanzas,5,35,1,1,25,2,0
25,5053281,16,Marketing,2,49,0,0,17,1,1
37,11544564,1,Operaciones,2,54,1,0,8,1,1
58,9751383,7,Marketing,2,53,4,0,21,2,0
33,7029867,0,Ventas,2,52,1,0,22,1,1
27,11333467,0,RRHH,4,67,2,0,10,2,0
40,6216319,4,TI,3,63,4,1,27,3,0
41,3224618,11,Marketing,4,43,0,0,37,4,0
47,2165596,17,Operaciones,3,47,3,2,14,1,0
33,11367840,15,TI,2,58,1,0,48,2,0
58,11589700,12,Finanzas,1,49,3,0,31,1,0
41,9340352,15,Finanzas,3,49,0,2,38,2,0
32,2850627,3,RRHH,5,40,0,0,4,2,0
58,4795235,16,RRHH,5,43,3,0,38,4,0
57,2219006,17,Ventas,2,60,4,2,17,2,0
40,2322735,1,RRHH,3,64,4,2,35,4,1
22,4309879,9,RRHH,4,62,3,1,40,1,0
44,7635845,16,Operaciones,4,45,2,0,13,1,0
43,2468410,9,Marketing,1,39,0,1,13,1,1
27,11842931,16,Operaciones,3,40,1,2,3,2,0
46,6442201,18,Ventas,1,48,3,2,30,1,0
53,4491224,9,Marketing,1,53,1,0,38,1,1
26,7064095,1,RRHH,4,66,2,0,21,1,0
49,9859584,6,RRHH,1,66,0,0,8,4,1
27,4988213,4,Marketing,2,35,2,0,16,4,1
50,2284639,9,Marketing,3,59,1,1,20,1,0
37,2319796,11,Ventas,4,45,0,0,45,4,0
22,10490256,9,RRHH,3,41,0,0,7,1,1
58,2938323,3,Operaciones,1,54,2,0,17,2,0
28,8282747,6,Finanzas,4,36,1,0,32,2,0
44,5721944,13,TI,5,46,0,0,12,2,0
28,9730674,0,Finanzas,5,54,2,0,44,4,0
57,2417390,4,Marketing,4,44,0,0,45,3,0
50,10957480,17,TI,3,55,0,2,19,3,0
52,8921535,1,Operaciones,5,51,0,0,37,3,0
38,6382632,8,Operaciones,3,62,2,1,38,3,1
39,3911609,4,Marketing,1,41,4,0,34,1,0
46,11766847,2,TI,5,36,1,0,10,2,0
51,4881129,8,TI,2,53,1,0,3,1,1
54,6803223,10,Finanzas,5,43,1,0,18,3,0
22,5820082,3,Finanzas,2,59,1,0,7,2,1
47,4151613,1,RRHH,5,38,3,0,15,3,0
26,6049418,2,Operaciones,3,55,1,1,32,3,0
32,3345142,13,Operaciones,3,69,3,0,29,2,0
53,1816939,17,TI,2,38,4,0,11,1,0
31,4757927,3,Operaciones,5,45,4,1,1,4,0
52,2943117,6,TI,1,64,2,0,12,2,0
39,6030744,6,RRHH,3,53,3,0,23,1,0
30,10600198,7,Ventas,2,41,4,0,39,2,0
34,3458206,4,RRHH,3,42,3,0,18,4,0
42,1812577,1,Marketing,2,61,1,0,15,2,1
51,2933159,10,RRHH,4,65,0,2,28,4,1
45,6983307,7,Operaciones,2,47,0,2,4,2,1
57,4603349,6,Ventas,1,51,4,2,12,4,1
54,6792920,5,Finanzas,1,62,2,0,2,3,1
50,2098328,18,RRHH,4,41,1,0,26,1,0
44,5197560,12,Operaciones,2,42,1,0,22,3,0
33,5983372,8,Marketing,2,62,1,0,29,2,0
37,6199535,4,Finanzas,4,41,4,0,31,1,0
26,7421814,16,Ventas,2,61,3,0,20,3,0
36,9761927,17,RRHH,2,52,4,0,43,1,1
57,6565745,0,Ventas,2,69,1,0,45,3,0
38,10380277,18,RRHH,2,36,2,0,6,4,0
26,7203301,13,Ventas,4,68,0,1,46,1,0
46,4455555,1,Finanzas,3,42,4,0,10,2,0
58,4135986,15,TI,5,36,2,2,13,3,0
54,5089402,2,TI,4,60,2,0,26,1,0
32,7894132,1,Ventas,1,53,2,1,2,2,0
39,4273325,2,Marketing,2,64,1,0,18,2,1
42,11124570,9,Marketing,2,38,4,0,10,1,0
31,6694606,12,Operaciones,3,37,2,0,24,4,1
32,10605382,8,Ventas,2,54,3,0,40,2,1
30,8769235,2,RRHH,5,65,0,1,46,4,0
59,5200195,3,Marketing,2,49,1,0,11,3,1
50,4128179,17,Finanzas,3,62,4,0,27,4,0
53,9388230,19,Ventas,1,66,0,2,24,4,1
53,5173504,15,Ventas,5,65,0,0,21,3,0
58,4318050,2,TI,5,52,4,1,32,2,0
26,11289923,16,Marketing,4,59,1,1,49,2,0
55,6722824,13,TI,2,53,1,0,20,4,0
24,2295406,10,Marketing,1,58,2,0,4,2,1
40,6846629,2,Operaciones,4,54,0,0,45,3,1
44,6499849,19,Marketing,3,53,0,1,46,1,0
35,10612478,8,Operaciones,5,50,0,0,16,4,0
27,9057892,0,TI,4,57,0,0,25,3,0
29,3751844,4,Operaciones,3,61,0,0,43,2,0
53,3334630,8,TI,5,67,3,2,25,3,0
34,7956664,1,TI,5,56,1,1,24,2,1
33,2283215,6,TI,3,38,0,2,46,1,0
57,5053962,9,Ventas,1,55,0,1,41,4,0
27,3209694,18,Ventas,1,46,2,1,25,4,1
56,2009731,1,TI,3,35,4,0,8,4,0
56,11171996,11,Ventas,3,37,1,2,22,2,0
44,2716172,18,RRHH,1,55,0,1,34,2,1
28,1894449,16,Ventas,1,68,1,0,14,1,1
27,11315497,18,Ventas,4,52,2,1,27,3,0
32,3720884,3,Marketing,4,50,0,1,33,2,0
43,10128889,16,Ventas,1,38,4,0,5,4,1
27,2119091,19,Ventas,3,58,3,0,28,4,0
39,3366272,6,Ventas,1,36,1,0,37,1,1
26,2928420,9,Ventas,4,64,4,1,11,4,0
42,9003880,10,Finanzas,5,63,1,0,27,1,0
22,8125522,9,Operaciones,5,69,0,1,35,2,0
48,6650120,5,Operaciones,3,44,4,0,3,2,0
24,4264716,19,Finanzas,4,40,4,1,32,4,0
29,2706371,19,Ventas,5,45,1,0,13,3,1
28,7605962,7,Operaciones,4,62,2,2,20,4,1
53,4153285,16,Ventas,3,42,0,0,32,3,0
24,7819992,7,Finanzas,4,66,3,0,1,4,0
38,8812174,15,RRHH,3,40,3,0,1,4,0
44,10464240,11,Marketing,5,36,3,0,22,4,0
41,6838646,9,TI,3,42,2,0,47,2,0
47,1848362,2,Finanzas,5,61,3,1,1,2,1
52,4662801,13,RRHH,1,56,2,2,39,4,0
36,10504368,6,Finanzas,1,47,4,1,4,4,1
53,7239159,4,Marketing,1,57,0,1,24,4,1
34,8115014,3,Operaciones,3,57,2,0,22,3,0
59,6469797,19,RRHH,4,54,2,1,23,4,0
41,3459983,2,RRHH,2,52,2,1,5,3,0
49,10946377,15,Operaciones,1,38,0,0,37,3,0
55,9683961,17,RRHH,5,44,1,2,14,1,1
52,11950870,0,TI,4,53,4,0,38,3,0
54,10526013,11,RRHH,4,39,0,1,33,3,0
42,4769559,11,Ventas,3,51,3,2,28,4,0
23,4393487,7,TI,3,39,3,1,16,4,1
40,4334439,13,RRHH,1,62,2,0,32,2,1
28,11171695,8,Operaciones,1,38,0,1,49,2,1
55,7480739,8,Operaciones,5,38,0,0,46,4,0
30,6435465,8,TI,2,57,1,1,45,4,0
30,11676266,16,RRHH,4,42,0,0,11,1,0
31,7954929,12,Ventas,4,47,0,1,29,2,0
46,11076206,7,Operaciones,2,45,0,2,20,4,1
43,11843425,18,TI,2,42,0,0,48,1,0
58,2610345,16,Operaciones,4,61,4,0,47,4,0
37,5487668,18,Marketing,1,59,3,1,43,1,1
32,9288220,14,Operaciones,3,43,0,0,8,1,0
23,10094225,7,TI,5,59,3,0,16,4,0
22,3314546,15,Marketing,4,59,0,0,35,3,0
36,5047671,6,Operaciones,4,53,2,0,37,3,0
57,7391363,5,Finanzas,1,55,0,1,18,4,1
41,9951977,9,Marketing,1,67,0,1,7,2,0
55,2952266,19,Marketing,2,50,0,0,7,3,1
25,7927485,11,Ventas,2,48,2,0,34,3,0
25,4823717,7,Marketing,1,53,2,0,23,3,0
53,4006828,9,Operaciones,5,64,1,0,25,2,0
26,7057071,5,TI,1,59,3,1,40,3,0
23,6023066,13,TI,4,37,3,0,1,2,0
37,8284255,7,Operaciones,3,51,3,1,37,3,0
57,5039883,11,TI,4,60,2,2,14,4,0
48,10197414,7,RRHH,2,42,2,1,46,2,0
25,2596705,6,Operaciones,2,69,2,1,47,3,1
53,10591169,19,Finanzas,4,63,1,0,25,4,1
54,2104314,6,Marketing,2,64,2,0,16,4,1
52,9306136,1,Ventas,4,37,0,0,12,4,0
56,5334082,7,TI,1,55,4,1,9,3,0
31,5710014,10,Marketing,1,53,1,1,49,2,0
59,1994148,1,Finanzas,4,56,3,0,10,4,0
34,8961420,6,TI,4,64,4,0,22,3,0
52,3487975,3,TI,1,47,2,0,24,1,1
44,8523399,10,RRHH,5,53,4,1,34,2,0
51,9196869,14,Finanzas,1,58,2,1,42,2,1
45,10421433,19,TI,5,61,0,1,28,4,1
46,9022530,7,Finanzas,4,61,0,2,38,1,1
45,4875302,17,RRHH,5,46,0,0,28,3,0
51,9333519,4,Finanzas,5,69,4,1,22,3,0
50,10224693,15,Ventas,2,35,2,1,8,1,0
27,5034962,11,Finanzas,4,52,1,0,11,3,1
53,3066604,15,Marketing,2,56,2,2,22,4,1
42,10878198,15,Ventas,3,37,1,0,3,3,1
34,3308987,10,TI,2,50,4,1,16,3,0
41,7857071,5,Operaciones,3,55,4,1,23,2,0
58,4210060,10,Finanzas,5,56,0,2,24,1,1
54,3085468,16,Operaciones,3,39,3,1,40,1,1
53,9719434,19,Finanzas,1,44,1,0,48,2,0
39,3265930,18,Operaciones,2,43,0,1,36,3,0
51,8636303,3,Finanzas,4,57,4,1,4,1,0
36,8869573,11,Ventas,3,46,0,1,21,4,0
48,2414325,2,Operaciones,3,55,1,1,36,3,0
46,3564028,13,RRHH,3,60,0,0,30,2,0
31,9902507,19,Ventas,2,62,2,1,23,4,1
32,6974385,1,RRHH,3,41,2,2,22,1,0
24,3037789,13,RRHH,4,66,1,0,20,4,1
27,11916099,18,Ventas,5,40,0,0,29,2,0
38,4502879,16,Marketing,4,35,0,2,9,2,0
40,1840877,7,TI,5,36,4,1,26,2,1
28,11226493,2,TI,5,42,4,2,11,4,0
37,1969113,18,RRHH,1,65,4,0,34,2,0
44,7444255,18,Operaciones,2,42,2,2,43,4,1
30,11929462,11,Operaciones,2,59,2,0,25,2,0
34,7693655,19,Operaciones,1,49,3,1,19,2,1
35,7763316,0,TI,1,36,3,0,47,3,0
41,5759383,12,Marketing,4,50,2,1,33,3,0
35,3094481,0,Operaciones,2,35,1,2,21,2,1
50,7641456,18,RRHH,1,51,2,1,2,1,0
34,10952482,13,Finanzas,2,54,0,1,1,2,0
38,2729249,18,Ventas,2,53,0,0,11,3,1
36,10779879,11,Operaciones,1,44,3,1,12,1,1
28,6033474,1,Marketing,1,61,4,1,36,1,1
48,7269244,0,RRHH,4,55,0,0,25,4,0
30,3487129,6,Finanzas,5,43,0,1,49,1,1
33,8142278,14,RRHH,3,50,0,2,27,2,0
52,3660001,3,Ventas,4,38,3,1,45,4,0
58,4586509,17,Finanzas,5,67,1,1,28,2,1
47,9160444,4,Operaciones,5,61,1,0,18,2,0
56,2315300,9,Marketing,1,45,0,1,36,1,0
54,6361251,4,Marketing,5,58,4,0,23,4,0
40,7864589,9,RRHH,1,58,2,0,14,3,1
51,3146691,9,Marketing,1,56,3,0,24,4,0
34,4806502,0,Finanzas,3,36,3,0,33,4,0
39,5303716,11,Finanzas,4,65,0,0,19,2,0
42,8568934,15,Finanzas,1,68,4,1,35,1,0
58,11762431,18,Marketing,2,69,2,0,49,2,0
54,10329700,6,Operaciones,2,69,3,0,21,1,1
40,3735610,17,Ventas,2,67,1,0,15,3,1
46,1985237,17,Ventas,5,60,4,1,20,1,0
29,2329503,19,RRHH,2,36,4,0,42,4,0
52,7876280,7,Finanzas,2,51,2,0,9,3,0
43,3393857,17,Operaciones,1,43,0,1,48,2,0
42,4159061,11,RRHH,1,42,4,0,21,4,0
51,10443394,1,Finanzas,1,64,4,2,42,4,0
46,10713662,5,Marketing,3,63,2,0,39,2,0
24,10358113,13,RRHH,3,53,2,0,39,1,0
32,4387377,3,RRHH,3,60,1,0,45,2,1
28,8120783,8,Finanzas,5,39,0,1,10,3,0
49,8029855,15,RRHH,3,42,4,0,30,4,0
23,3689523,2,Marketing,1,65,2,2,5,2,1
29,7446116,9,Marketing,2,50,1,0,15,3,0
44,7157616,4,Finanzas,2,54,3,1,2,2,0
48,5840898,10,RRHH,5,51,0,0,34,1,0
41,9466962,4,Finanzas,2,42,0,0,30,2,0
54,8711731,19,TI,1,63,1,0,37,1,1
56,7233078,1,RRHH,4,61,2,1,9,2,0
27,9202850,19,TI,3,58,1,0,17,2,1
58,9583707,15,Ventas,1,47,0,2,34,2,0
45,7582765,17,Ventas,4,57,1,1,41,4,0
46,4530276,17,Finanzas,2,68,1,2,44,2,0
25,9535906,3,Ventas,5,57,2,0,4,3,0
45,9119661,18,Finanzas,5,52,2,1,20,3,0
49,11830854,11,RRHH,2,44,4,1,1,3,1
44,3327802,19,RRHH,3,53,4,1,41,2,0
25,6076578,17,Operaciones,3,48,1,2,7,4,0
41,11227112,11,Finanzas,4,56,4,1,41,1,0
57,7048747,7,Operaciones,1,36,2,2,8,2,1
49,11414753,2,Operaciones,2,41,0,1,1,4,1
27,1927192,2,Ventas,1,62,1,0,44,2,1
58,2158732,7,TI,4,48,3,1,22,3,0
58,9919491,16,Finanzas,1,50,4,0,21,1,1
28,5455997,10,Marketing,3,54,1,2,32,3,1
52,7106346,9,Ventas,4,50,0,1,14,4,0
37,6165696,4,Ventas,5,61,0,0,34,3,1
44,5961206,11,Marketing,2,43,0,0,22,3,1
38,11382637,12,Marketing,1,61,3,0,14,4,1
51,2759534,19,TI,4,42,2,0,20,2,0
59,9676613,14,RRHH,1,47,2,0,1,2,0
52,10874495,12,Finanzas,1,55,3,1,15,1,1
57,8505600,18,TI,5,66,4,1,29,3,0
57,5829073,8,TI,5,43,3,1,7,3,0
25,3432140,18,RRHH,4,55,0,0,6,4,0
31,8762332,7,Finanzas,5,37,2,1,33,3,0
49,6581737,2,TI,1,37,4,0,21,1,1
44,3323616,8,RRHH,1,61,3,2,7,3,0
23,5468433,2,TI,2,60,1,0,37,4,0
25,11607806,2,Operaciones,1,48,1,0,38,1,0
41,4506932,17,Ventas,5,56,4,0,2,2,0
45,3620105,15,TI,1,48,0,1,10,4,1
28,8756149,4,TI,3,44,2,0,19,2,1
28,3835328,16,Marketing,5,50,0,1,36,4,0
26,11183071,1,Marketing,4,45,4,1,4,3,0
43,10561625,5,Finanzas,2,63,0,1,40,3,1
22,11832007,14,Ventas,3,49,0,0,16,3,0
43,11108343,6,Operaciones,3,46,1,0,7,3,0
40,4286395,14,RRHH,4,53,1,0,43,4,0
39,3963903,17,Marketing,3,61,2,0,5,4,0
47,5294922,1,RRHH,2,44,1,1,7,2,0
41,6591969,0,Marketing,4,67,1,0,47,4,0
49,10775956,18,Operaciones,5,51,2,0,26,3,0
51,9281648,10,TI,3,58,2,0,23,3,0
56,8373233,10,Operaciones,1,68,4,1,34,2,0
52,10759330,9,TI,3,50,2,0,31,2,0
41,8388051,8,RRHH,5,41,2,1,31,3,0
40,5666337,13,TI,5,61,3,0,2,2,0
30,6012609,11,Operaciones,3,35,0,2,28,2,0
44,7073598,3,TI,1,51,3,1,14,4,1
27,2705476,12,Finanzas,3,69,4,0,40,2,1
57,9365507,13,Finanzas,5,49,1,0,25,3,0
54,8458314,2,Operaciones,5,58,0,0,7,1,0
26,9257586,7,Marketing,1,53,1,0,44,1,1
51,7246213,15,Ventas,2,42,1,0,14,4,0
26,9786193,12,Marketing,3,46,2,2,14,1,1
49,11487459,2,Ventas,1,53,4,1,46,4,1
25,7613324,0,Finanzas,5,38,2,0,38,4,0
40,6332714,11,RRHH,1,49,0,1,43,2,1
46,2867073,9,Finanzas,4,49,1,0,33,4,0
49,9742508,19,Operaciones,5,64,3,2,45,2,1
37,11020527,10,Marketing,4,39,1,0,6,4,0
57,8934799,18,RRHH,4,64,2,1,30,1,1
51,10628839,4,Marketing,2,49,3,1,15,2,0
29,10584234,8,TI,5,57,1,0,20,2,0
47,9940593,2,TI,3,54,3,0,12,4,0
49,6929381,11,RRHH,1,45,1,0,11,1,1
34,2818597,3,Finanzas,2,67,0,2,22,4,1
50,1833106,9,Operaciones,2,42,1,1,45,1,1
56,3884853,6,Operaciones,3,36,2,1,32,2,0
53,6196450,3,TI,2,61,0,1,18,3,0
50,9384723,1,TI,3,56,4,1,22,1,1
46,6449232,10,Marketing,3,66,2,0,26,2,0
32,2036028,18,RRHH,2,51,0,1,12,4,0
52,3945524,3,TI,4,35,4,1,26,4,0
35,11788091,8,Marketing,2,35,4,0,35,1,0
42,11877828,4,RRHH,4,50,0,2,12,3,0
33,5646875,16,Marketing,2,43,0,0,29,3,1
33,10010852,8,Marketing,5,67,1,0,35,1,0
27,9136987,19,Marketing,2,39,2,1,26,3,0
58,11298938,4,Finanzas,1,65,3,0,15,3,1
27,10853225,1,Operaciones,1,42,2,0,28,3,0
25,8213164,11,Marketing,5,39,3,0,39,2,0
57,5825224,13,TI,5,44,0,1,11,2,0
43,8191919,19,Ventas,2,40,3,1,29,3,0
38,5055151,17,TI,4,49,4,0,34,3,1
50,5350524,17,Finanzas,3,46,2,0,16,1,0
36,8009159,12,Finanzas,1,53,2,0,19,1,0
26,7628267,7,Ventas,3,53,1,2,44,3,0
49,7726091,8,Finanzas,4,35,4,0,18,4,0
28,5723692,2,TI,5,39,0,2,30,1,0
43,5973227,8,Finanzas,5,40,1,2,8,1,0
58,1903958,7,Finanzas,1,41,0,0,46,4,0
57,7938102,0,Finanzas,2,38,4,1,30,3,1
35,7673008,4,RRHH,3,46,2,1,38,4,0
51,11340889,10,RRHH,1,54,4,1,30,4,1
45,6943651,7,Operaciones,3,45,3,0,18,4,0
40,6569930,19,Operaciones,1,46,2,1,17,1,0
27,2490360,9,Operaciones,1,51,2,1,35,2,0
36,3806770,19,RRHH,1,54,1,1,43,1,1
46,5247982,13,RRHH,2,46,2,2,7,1,0
59,5647501,0,TI,4,42,3,0,42,4,0
22,5499395,4,Finanzas,1,49,4,1,41,3,1
49,5819891,14,Ventas,5,35,2,2,6,1,0
54,9642961,10,RRHH,2,52,4,0,6,1,0
58,3137308,6,TI,1,67,4,0,35,1,0
38,5189047,10,Finanzas,2,48,2,0,42,2,0
26,3461289,18,Marketing,4,38,2,2,20,2,0
32,4939514,7,Marketing,1,59,0,0,32,2,0
54,8782533,0,RRHH,1,39,1,1,49,4,0
55,2276990,6,Ventas,5,41,4,0,16,1,0
46,5262673,18,TI,3,40,0,0,12,3,0
26,2041601,15,Ventas,2,65,1,1,49,2,1
26,11539963,16,Operaciones,4,69,3,0,14,2,1
40,9218041,18,Marketing,5,54,1,2,24,4,0
44,4284686,2,Finanzas,2,56,4,0,22,4,0
23,3821611,5,TI,3,57,3,2,26,1,0
48,2809029,1,Ventas,1,56,0,0,14,2,1
42,6623374,0,Marketing,2,54,1,2,34,1,1
22,9485746,16,TI,3,69,3,1,34,2,1
25,7758943,18,Ventas,1,60,4,0,10,3,1
39,10786567,3,TI,5,38,4,0,24,2,0
49,5306940,14,TI,5,48,4,0,3,2,0
53,4636756,10,Finanzas,2,69,0,1,11,2,1
38,6676127,1,Marketing,2,49,3,1,49,2,0
33,3861298,18,TI,1,42,0,0,25,2,0
58,11751577,17,Operaciones,3,65,0,0,31,2,0
39,3694814,11,Ventas,1,56,3,1,44,3,1
33,6684440,14,Ventas,2,54,2,1,35,1,0
38,7124525,7,Ventas,3,49,3,1,39,1,0
22,2381872,15,Marketing,4,39,4,0,35,3,0
33,6577849,8,Finanzas,3,48,0,1,25,3,0
41,6437963,19,Operaciones,2,50,2,2,31,2,0
56,4446286,1,Ventas,4,67,4,0,15,1,0
50,3105276,3,Ventas,4,45,2,0,44,3,0
51,2260765,19,Marketing,4,40,2,0,9,2,0
42,1887533,5,Ventas,3,49,2,1,44,3,1
26,6711211,6,Ventas,5,69,4,0,44,1,0
36,2716379,15,Finanzas,2,51,0,2,7,1,1
59,11585189,3,Finanzas,5,48,4,1,35,3,0
23,4296421,10,TI,2,58,4,1,49,2,1
55,8455695,5,RRHH,2,57,4,1,29,3,1
48,8669580,3,Operaciones,3,45,2,0,17,3,0
32,6854166,19,RRHH,3,68,2,1,44,2,0
51,10812848,3,RRHH,4,55,1,0,26,1,0
53,2929059,1,Ventas,2,37,1,1,6,1,1
23,4187122,13,RRHH,5,49,4,2,13,4,0
26,4374850,17,Operaciones,2,67,2,1,34,1,0
47,3181227,2,Finanzas,3,48,3,2,23,3,0
59,4806694,14,Marketing,5,54,0,0,11,4,0
22,4989409,10,Ventas,3,56,3,1,40,4,1
47,9600996,16,Ventas,4,59,3,1,6,2,1
27,4876590,2,Finanzas,5,65,4,1,11,1,0
46,10742450,19,TI,5,40,0,0,23,4,0
45,9681275,12,Finanzas,3,53,2,0,2,3,0
25,10996746,16,Marketing,3,53,2,1,19,2,0
47,2873291,7,RRHH,1,40,2,0,45,3,0
56,11842599,18,Finanzas,3,58,0,1,47,1,0
54,8062421,12,Operaciones,5,39,2,1,43,3,0
23,11820140,2,Ventas,3,50,1,2,16,3,0
31,5419391,18,Marketing,2,46,3,0,4,2,1
31,11520591,15,TI,1,40,1,2,40,2,0
39,7803777,6,Operaciones,2,63,2,0,19,2,1
27,2532585,10,Finanzas,2,43,3,0,37,1,0
54,5983269,7,Ventas,5,43,0,1,6,1,0
51,3205494,10,Operaciones,3,64,3,0,33,4,0
52,11401053,19,TI,1,65,3,0,29,2,0
29,4905558,17,Finanzas,1,36,0,0,46,1,0
22,4068083,4,Marketing,5,44,0,1,5,1,0
56,7439562,19,Marketing,5,59,4,1,20,2,0
32,6136647,8,Marketing,4,62,1,0,49,4,0
46,2789174,14,RRHH,1,69,4,0,20,2,1
56,10128239,15,Finanzas,1,54,2,1,33,4,0
23,10427128,9,TI,1,35,1,0,8,2,1
22,9378214,9,Marketing,4,65,1,1,36,4,0
22,8090913,9,RRHH,4,40,3,2,14,4,0
27,5906088,17,Operaciones,5,39,0,1,29,1,0
23,7332116,7,RRHH,1,58,2,2,44,1,1
53,7114163,5,Operaciones,1,56,1,1,33,4,1
45,3486175,7,TI,5,37,0,1,24,4,0
59,2634495,3,Operaciones,5,40,1,0,10,1,1
52,4383205,7,Ventas,4,55,2,0,17,3,0
58,6434201,2,Ventas,1,43,3,1,42,4,0
31,3435182,1,RRHH,1,58,0,0,11,4,1
32,2888008,14,RRHH,1,49,4,2,33,2,1
54,10489718,1,Operaciones,4,55,4,1,24,4,0
31,5624966,11,RRHH,5,51,3,2,16,3,0
24,7759124,15,Ventas,4,47,4,0,36,4,0
47,7145088,14,TI,2,46,2,0,18,1,1
52,9298320,8,RRHH,4,59,4,1,15,3,0
58,9346084,3,Finanzas,1,53,3,0,26,1,0
57,4819535,18,Finanzas,5,55,2,1,38,2,0
26,10448655,16,TI,5,55,0,1,43,1,0
51,5586776,12,Finanzas,4,42,2,2,31,2,0
54,10319104,1,Finanzas,5,66,4,1,33,4,1
48,5929520,0,Operaciones,3,54,4,0,39,3,1
53,2932140,6,Finanzas,3,60,2,0,14,2,1
53,9552152,3,Operaciones,2,65,1,1,13,2,0
38,2107645,17,TI,5,67,3,0,24,2,0
23,9678000,4,Operaciones,4,58,0,0,31,3,0
39,2240258,5,Ventas,1,62,0,0,32,2,1
29,3909497,19,Ventas,5,51,2,0,8,1,0
26,7954319,16,Marketing,1,60,4,1,39,3,1
26,11403696,4,RRHH,3,46,1,0,18,4,0
48,5966472,7,Finanzas,1,59,2,1,43,2,0
41,3030684,10,Finanzas,4,38,1,0,36,1,0
42,4175672,13,Operaciones,3,66,2,1,49,1,1
50,10940445,18,TI,3,43,0,0,31,4,0
42,9212705,17,TI,4,57,2,2,26,4,0
45,2824035,19,Ventas,4,35,2,0,10,1,0
25,5725951,0,Marketing,2,40,1,1,20,1,1
54,4498306,4,TI,5,69,1,0,43,1,1
39,3613886,11,Finanzas,3,64,3,0,19,2,0
27,10434081,0,RRHH,1,42,0,0,3,4,1
52,8100658,7,Ventas,1,39,0,1,13,1,1
49,3630819,3,RRHH,2,63,0,2,30,4,0
24,8437090,18,Ventas,4,69,4,0,31,1,0
29,6018392,1,TI,3,40,1,0,49,3,0
22,2427062,2,Ventas,2,58,0,1,46,2,1
32,6388564,3,Operaciones,3,44,4,1,27,4,0
25,3689365,2,Finanzas,5,61,0,0,28,2,0
48,4301641,11,Marketing,3,49,1,1,40,2,1
41,10765779,7,RRHH,1,39,0,1,3,1,1
59,9044501,18,TI,1,46,3,1,30,4,0
50,3167732,5,Finanzas,3,53,3,0,24,2,0
45,10483613,10,Marketing,3,62,3,0,39,2,0
41,7657934,13,Finanzas,5,35,1,0,40,3,0
24,10720666,12,Ventas,3,68,1,1,33,3,0
24,9420169,15,TI,4,57,4,0,33,3,0
45,5261085,4,Marketing,3,65,4,1,34,2,0
22,7255657,10,Finanzas,2,67,0,1,29,1,1
23,7214674,16,Marketing,4,40,3,1,12,1,0
30,9143403,17,Finanzas,4,38,4,0,14,1,0
55,4333745,12,Ventas,4,62,2,0,37,3,0
39,5197501,13,Marketing,1,41,3,0,31,3,0
48,4296924,17,Operaciones,4,40,0,1,12,3,1
37,4820657,12,Operaciones,2,51,0,2,44,4,0
28,3444791,18,Marketing,4,66,0,0,49,1,0
36,2172773,2,TI,4,62,0,2,31,4,0
25,11388193,6,Marketing,4,53,4,0,12,4,0
51,2558017,2,TI,5,41,3,0,46,3,0
28,10857486,1,Marketing,3,46,3,0,12,3,0
36,1831394,9,TI,1,59,1,1,22,1,1
59,9729058,4,Finanzas,4,40,4,0,43,1,0
44,5149722,8,Operaciones,4,53,0,0,26,1,0
39,7080147,8,Ventas,1,35,4,1,12,3,0
42,4678653,12,Ventas,1,46,0,1,4,2,1
51,6804200,18,Marketing,2,43,0,0,18,1,0
31,6405932,16,Ventas,5,58,0,0,33,1,0
46,7203405,7,Finanzas,3,66,3,1,36,1,1
55,5811484,6,Marketing,5,40,1,0,11,3,0
43,7272993,15,Finanzas,5,62,2,0,8,3,1
38,10219675,2,RRHH,3,57,2,1,35,3,0
27,6232543,10,RRHH,4,68,3,0,8,1,0
31,5486027,8,Finanzas,2,66,1,1,4,1,0
57,3143899,3,Finanzas,1,38,0,0,24,1,1
42,5469122,12,Finanzas,2,61,1,0,28,4,0
33,3081771,6,Ventas,3,55,1,0,12,3,0
37,3661528,3,Finanzas,1,38,3,0,11,2,0
43,11512947,13,Operaciones,2,44,3,0,12,1,0
42,2712027,3,Operaciones,1,67,0,0,17,2,0
48,6716713,13,Ventas,4,54,3,2,1,4,0
31,10309863,3,Operaciones,5,46,0,1,1,1,0
46,11522696,8,Operaciones,5,46,3,0,19,4,0
38,3296481,16,TI,2,64,1,1,1,2,1
57,3468484,4,Marketing,3,44,1,1,16,1,0
28,5600488,15,Finanzas,5,40,2,1,29,4,0
27,7455048,14,RRHH,3,55,1,0,2,3,0
39,11590037,18,Operaciones,2,69,3,0,31,3,1
41,3918715,3,Finanzas,2,41,4,0,31,1,0
48,3476829,14,Finanzas,4,43,4,0,29,2,0
37,4382482,18,TI,3,51,2,0,31,3,0
56,10718058,15,Marketing,5,41,2,2,40,3,0
40,2106556,3,Marketing,5,57,2,2,4,1,1
26,5677361,16,Ventas,1,43,3,0,9,3,1
26,3013323,2,Operaciones,4,39,2,0,16,4,0
58,3402143,11,Ventas,2,44,2,0,34,4,0
27,11151853,9,RRHH,3,67,2,0,43,1,0
58,1816948,10,Marketing,2,67,1,1,46,4,1
32,5079636,10,TI,2,52,2,0,29,3,0
25,11137329,0,RRHH,2,49,3,1,21,1,1
33,8002917,10,TI,1,63,2,2,21,1,1
45,2531903,18,Operaciones,4,41,4,1,3,4,0
38,6543144,8,RRHH,1,57,4,1,23,1,1
51,11703648,5,Finanzas,2,58,2,1,26,1,0
45,5884602,19,Marketing,1,59,4,0,11,2,1
37,7192039,1,Finanzas,1,42,0,0,38,3,0
46,7225238,9,Operaciones,2,60,4,1,40,3,0
58,8536560,10,Ventas,5,56,1,0,15,3,1
37,3709837,9,TI,5,65,2,1,45,4,0
27,10364781,18,Marketing,2,41,1,0,6,4,0
37,11883759,8,Marketing,3,56,2,0,45,1,0
53,3254045,19,Finanzas,5,64,1,0,38,1,1
30,10146740,1,RRHH,2,44,3,2,11,1,0
58,10132478,14,TI,5,61,0,0,32,2,0
44,9364469,11,Marketing,1,38,4,0,16,2,1
44,5582941,4,Operaciones,2,60,4,0,40,4,1
34,6581344,4,TI,2,56,2,1,8,2,1
56,10359956,14,Finanzas,1,41,2,2,13,1,0
23,3359346,12,Finanzas,5,37,3,0,16,4,0
33,10253199,12,RRHH,5,61,0,2,10,2,1
37,11190791,1,Marketing,2,43,3,0,17,4,0
40,8755061,11,Ventas,5,52,1,1,30,4,0
40,5282148,19,TI,4,37,3,0,32,4,0
27,7503340,0,Ventas,5,68,1,0,28,4,0
30,2311088,9,Operaciones,5,54,3,1,10,1,0
25,11304398,9,Finanzas,3,67,3,1,10,3,0
43,5292517,17,Marketing,1,40,1,0,46,2,1
35,2382403,5,Finanzas,5,42,3,1,13,3,0
43,9903461,9,Ventas,4,56,2,2,6,3,0
44,8507094,14,RRHH,5,56,1,0,23,3,0
48,8151629,1,Ventas,5,62,2,1,1,2,0
42,2351786,16,Operaciones,1,67,4,1,17,4,1
46,9458553,16,Operaciones,3,63,0,0,42,3,0
44,8300637,14,Marketing,1,39,4,2,14,4,1
46,9895080,12,RRHH,1,45,4,0,35,1,0
45,10238766,14,TI,5,66,2,1,25,4,0
34,3961937,15,Ventas,5,54,3,0,18,2,1
31,3948525,18,RRHH,5,65,1,0,33,2,1
51,11222589,8,RRHH,5,54,0,1,30,4,1
35,7216472,9,Operaciones,4,36,2,1,16,2,0
42,6267493,12,Operaciones,3,51,4,2,11,2,0
29,4729457,3,Ventas,5,63,1,2,45,4,0
38,8317939,17,TI,3,57,3,0,9,4,1
42,9490377,15,Finanzas,4,39,3,0,48,2,0
45,1823549,12,RRHH,2,42,3,0,24,2,0
42,7436907,6,Ventas,4,64,1,0,49,1,1
35,11932358,6,Marketing,5,69,1,0,18,1,0
58,4662528,8,Operaciones,4,61,2,2,28,3,0
41,4665143,13,Finanzas,3,38,4,1,31,2,1
